store,water_gun_x,songkran_shirt,songkran_accessories,songkran_accessories_pri_x,songkran_shirt_pri_x,water_gun_y,songkran_accessories_pri_y,songkran_shirt_pri_y,clusters
1001,0.8,0.7,0.6,1.2,2.8,0.8,1.2,2.8,2
1002,0.6,0.5,0.6,1.2,2.0,0.6,1.2,2.0,2
1003,0.7,0.5,0.6,1.2,2.0,0.7,1.2,2.0,2
1004,0.6,0.5,0.7,1.4,2.0,0.6,1.4,2.0,2
1005,0.6,0.6,0.6,1.2,2.4,0.6,1.2,2.4,2
1006,0.6,0.7,0.8,1.6,2.8,0.6,1.6,2.8,2
1007,0.6,0.5,0.7,1.4,2.0,0.6,1.4,2.0,2
1008,0.8,0.5,0.6,1.2,2.0,0.8,1.2,2.0,2
1009,0.6,0.7,0.8,1.6,2.8,0.6,1.6,2.8,2
1010,0.6,0.7,0.6,1.2,2.8,0.6,1.2,2.8,2
1011,0.8,0.5,0.6,1.2,2.0,0.8,1.2,2.0,2
1012,0.6,0.7,0.8,1.6,2.8,0.6,1.6,2.8,2
1013,0.8,0.7,0.6,1.2,2.8,0.8,1.2,2.8,2
1014,0.7,0.7,0.6,1.2,2.8,0.7,1.2,2.8,2
1015,0.7,0.7,0.8,1.6,2.8,0.7,1.6,2.8,2
1016,0.8,0.7,0.8,1.6,2.8,0.8,1.6,2.8,2
1017,0.6,0.6,0.8,1.6,2.4,0.6,1.6,2.4,2
1018,0.6,0.6,0.6,1.2,2.4,0.6,1.2,2.4,2
1019,0.6,0.7,0.7,1.4,2.8,0.6,1.4,2.8,2
1020,0.6,0.7,0.6,1.2,2.8,0.6,1.2,2.8,2
1021,0.6,0.7,0.7,1.4,2.8,0.6,1.4,2.8,2
1022,0.6,0.7,0.6,1.2,2.8,0.6,1.2,2.8,2
1023,0.6,0.6,0.6,1.2,2.4,0.6,1.2,2.4,2
1024,0.6,0.6,0.7,1.4,2.4,0.6,1.4,2.4,2
1025,0.6,0.7,0.6,1.2,2.8,0.6,1.2,2.8,2
1026,0.6,0.5,0.7,1.4,2.0,0.6,1.4,2.0,2
1027,0.6,0.6,0.6,1.2,2.4,0.6,1.2,2.4,2
1028,0.6,0.7,0.8,1.6,2.8,0.6,1.6,2.8,2
1029,0.6,0.7,0.6,1.2,2.8,0.6,1.2,2.8,2
1030,0.6,0.5,0.7,1.4,2.0,0.6,1.4,2.0,2
1031,0.6,0.7,0.6,1.2,2.8,0.6,1.2,2.8,2
1032,0.8,0.5,0.6,1.2,2.0,0.8,1.2,2.0,2
1033,0.6,0.7,0.8,1.6,2.8,0.6,1.6,2.8,2
1034,0.7,0.6,0.6,1.2,2.4,0.7,1.2,2.4,2
1035,0.8,0.7,0.8,1.6,2.8,0.8,1.6,2.8,2
1036,0.7,0.5,0.7,1.4,2.0,0.7,1.4,2.0,2
1037,0.6,0.5,0.8,1.6,2.0,0.6,1.6,2.0,2
1038,0.8,0.7,0.6,1.2,2.8,0.8,1.2,2.8,2
1039,0.6,0.5,0.7,1.4,2.0,0.6,1.4,2.0,2
1040,0.6,0.6,0.8,1.6,2.4,0.6,1.6,2.4,2
1041,0.7,0.5,0.8,1.6,2.0,0.7,1.6,2.0,2
1042,0.6,0.5,0.8,1.6,2.0,0.6,1.6,2.0,2
1043,0.6,0.5,0.8,1.6,2.0,0.6,1.6,2.0,2
1044,0.8,0.7,0.8,1.6,2.8,0.8,1.6,2.8,2
1045,0.8,0.7,0.8,1.6,2.8,0.8,1.6,2.8,2
1046,0.8,0.7,0.8,1.6,2.8,0.8,1.6,2.8,2
1047,0.6,0.5,0.6,1.2,2.0,0.6,1.2,2.0,2
1048,0.7,0.7,0.6,1.2,2.8,0.7,1.2,2.8,2
1049,0.6,0.6,0.7,1.4,2.4,0.6,1.4,2.4,2
1050,0.6,0.5,0.7,1.4,2.0,0.6,1.4,2.0,2
1051,0.6,0.5,0.6,1.2,2.0,0.6,1.2,2.0,2
1052,0.6,0.7,0.7,1.4,2.8,0.6,1.4,2.8,2
1053,0.8,0.7,0.6,1.2,2.8,0.8,1.2,2.8,2
1054,0.6,0.6,0.8,1.6,2.4,0.6,1.6,2.4,2
1055,0.8,0.7,0.7,1.4,2.8,0.8,1.4,2.8,2
1056,0.6,0.7,0.6,1.2,2.8,0.6,1.2,2.8,2
1057,0.7,0.7,0.6,1.2,2.8,0.7,1.2,2.8,2
1058,0.6,0.7,0.8,1.6,2.8,0.6,1.6,2.8,2
1059,0.8,0.5,0.6,1.2,2.0,0.8,1.2,2.0,2
1060,0.8,0.5,0.6,1.2,2.0,0.8,1.2,2.0,2
1061,0.6,0.6,0.6,1.2,2.4,0.6,1.2,2.4,2
1062,0.6,0.6,0.6,1.2,2.4,0.6,1.2,2.4,2
1063,0.6,0.5,0.8,1.6,2.0,0.6,1.6,2.0,2
1064,0.8,0.7,0.8,1.6,2.8,0.8,1.6,2.8,2
1065,0.8,0.6,0.6,1.2,2.4,0.8,1.2,2.4,2
1066,0.6,0.7,0.6,1.2,2.8,0.6,1.2,2.8,2
1067,0.8,0.5,0.7,1.4,2.0,0.8,1.4,2.0,2
1068,0.6,0.7,0.6,1.2,2.8,0.6,1.2,2.8,2
1069,0.8,0.7,0.8,1.6,2.8,0.8,1.6,2.8,2
1070,0.6,0.7,0.8,1.6,2.8,0.6,1.6,2.8,2
1071,0.7,0.7,0.7,1.4,2.8,0.7,1.4,2.8,2
1072,0.8,0.7,0.6,1.2,2.8,0.8,1.2,2.8,2
1073,0.7,0.5,0.8,1.6,2.0,0.7,1.6,2.0,2
1074,0.8,0.6,0.6,1.2,2.4,0.8,1.2,2.4,2
1075,0.6,0.7,0.8,1.6,2.8,0.6,1.6,2.8,2
1076,0.6,0.7,0.6,1.2,2.8,0.6,1.2,2.8,2
1077,0.6,0.7,0.7,1.4,2.8,0.6,1.4,2.8,2
1078,0.6,0.7,0.8,1.6,2.8,0.6,1.6,2.8,2
1079,0.8,0.5,0.6,1.2,2.0,0.8,1.2,2.0,2
1080,0.7,0.5,0.8,1.6,2.0,0.7,1.6,2.0,2
1081,0.6,0.5,0.6,1.2,2.0,0.6,1.2,2.0,2
1082,0.8,0.7,0.6,1.2,2.8,0.8,1.2,2.8,2
1083,0.6,0.5,0.7,1.4,2.0,0.6,1.4,2.0,2
1084,0.6,0.5,0.6,1.2,2.0,0.6,1.2,2.0,2
1085,0.6,0.5,0.6,1.2,2.0,0.6,1.2,2.0,2
1086,0.6,0.7,0.6,1.2,2.8,0.6,1.2,2.8,2
1087,0.6,0.7,0.7,1.4,2.8,0.6,1.4,2.8,2
1088,0.6,0.5,0.6,1.2,2.0,0.6,1.2,2.0,2
1089,0.6,0.7,0.6,1.2,2.8,0.6,1.2,2.8,2
1090,0.7,0.5,0.6,1.2,2.0,0.7,1.2,2.0,2
1091,0.6,0.7,0.6,1.2,2.8,0.6,1.2,2.8,2
1092,0.6,0.5,0.6,1.2,2.0,0.6,1.2,2.0,2
1093,0.6,0.5,0.6,1.2,2.0,0.6,1.2,2.0,2
1094,0.6,0.5,0.6,1.2,2.0,0.6,1.2,2.0,2
1095,0.6,0.7,0.8,1.6,2.8,0.6,1.6,2.8,2
1096,0.6,0.5,0.7,1.4,2.0,0.6,1.4,2.0,2
1097,0.8,0.5,0.7,1.4,2.0,0.8,1.4,2.0,2
1098,0.6,0.7,0.8,1.6,2.8,0.6,1.6,2.8,2
1099,0.6,0.7,0.7,1.4,2.8,0.6,1.4,2.8,2
1100,0.6,0.6,0.7,1.4,2.4,0.6,1.4,2.4,2
1101,0.8,0.7,0.6,1.2,2.8,0.8,1.2,2.8,2
1102,0.7,0.7,0.8,1.6,2.8,0.7,1.6,2.8,2
1103,0.6,0.6,0.7,1.4,2.4,0.6,1.4,2.4,2
1104,0.6,0.7,0.8,1.6,2.8,0.6,1.6,2.8,2
1105,0.6,0.6,0.6,1.2,2.4,0.6,1.2,2.4,2
1106,0.6,0.6,0.6,1.2,2.4,0.6,1.2,2.4,2
1107,0.6,0.6,0.8,1.6,2.4,0.6,1.6,2.4,2
1108,0.7,0.7,0.8,1.6,2.8,0.7,1.6,2.8,2
1109,0.6,0.5,0.7,1.4,2.0,0.6,1.4,2.0,2
1110,0.6,0.5,0.8,1.6,2.0,0.6,1.6,2.0,2
1111,0.6,0.5,0.8,1.6,2.0,0.6,1.6,2.0,2
1112,0.8,0.5,0.6,1.2,2.0,0.8,1.2,2.0,2
1113,0.7,0.5,0.6,1.2,2.0,0.7,1.2,2.0,2
1114,0.8,0.5,0.7,1.4,2.0,0.8,1.4,2.0,2
1115,0.6,0.7,0.6,1.2,2.8,0.6,1.2,2.8,2
1116,0.7,0.7,0.6,1.2,2.8,0.7,1.2,2.8,2
1117,0.6,0.6,0.7,1.4,2.4,0.6,1.4,2.4,2
1118,0.6,0.5,0.6,1.2,2.0,0.6,1.2,2.0,2
1119,0.7,0.5,0.7,1.4,2.0,0.7,1.4,2.0,2
1120,0.6,0.7,0.6,1.2,2.8,0.6,1.2,2.8,2
1121,0.6,0.6,0.6,1.2,2.4,0.6,1.2,2.4,2
1122,0.6,0.7,0.6,1.2,2.8,0.6,1.2,2.8,2
1123,0.6,0.7,0.8,1.6,2.8,0.6,1.6,2.8,2
1124,0.6,0.5,0.6,1.2,2.0,0.6,1.2,2.0,2
1125,0.6,0.6,0.7,1.4,2.4,0.6,1.4,2.4,2
1126,0.6,0.5,0.7,1.4,2.0,0.6,1.4,2.0,2
1127,0.6,0.5,0.6,1.2,2.0,0.6,1.2,2.0,2
1128,0.7,0.7,0.8,1.6,2.8,0.7,1.6,2.8,2
1129,0.7,0.7,0.6,1.2,2.8,0.7,1.2,2.8,2
1130,0.6,0.7,0.6,1.2,2.8,0.6,1.2,2.8,2
1131,0.7,0.7,0.6,1.2,2.8,0.7,1.2,2.8,2
1132,0.6,0.5,0.6,1.2,2.0,0.6,1.2,2.0,2
1133,0.6,0.7,0.6,1.2,2.8,0.6,1.2,2.8,2
1134,0.7,0.5,0.6,1.2,2.0,0.7,1.2,2.0,2
1135,0.6,0.7,0.6,1.2,2.8,0.6,1.2,2.8,2
1136,0.7,0.7,0.6,1.2,2.8,0.7,1.2,2.8,2
1137,0.7,0.5,0.6,1.2,2.0,0.7,1.2,2.0,2
1138,0.6,0.5,0.7,1.4,2.0,0.6,1.4,2.0,2
1139,0.6,0.5,0.6,1.2,2.0,0.6,1.2,2.0,2
1140,0.8,0.6,0.7,1.4,2.4,0.8,1.4,2.4,2
1141,0.6,0.6,0.6,1.2,2.4,0.6,1.2,2.4,2
1142,0.6,0.7,0.7,1.4,2.8,0.6,1.4,2.8,2
1143,0.6,0.5,0.7,1.4,2.0,0.6,1.4,2.0,2
1144,0.6,0.5,0.6,1.2,2.0,0.6,1.2,2.0,2
1145,0.7,0.6,0.8,1.6,2.4,0.7,1.6,2.4,2
1146,0.7,0.7,0.8,1.6,2.8,0.7,1.6,2.8,2
1147,0.7,0.5,0.7,1.4,2.0,0.7,1.4,2.0,2
1148,0.6,0.5,0.7,1.4,2.0,0.6,1.4,2.0,2
1149,0.7,0.7,0.6,1.2,2.8,0.7,1.2,2.8,2
1150,0.7,0.5,0.8,1.6,2.0,0.7,1.6,2.0,2
1151,0.6,0.6,0.6,1.2,2.4,0.6,1.2,2.4,2
1152,0.8,0.5,0.6,1.2,2.0,0.8,1.2,2.0,2
1153,0.8,0.7,0.8,1.6,2.8,0.8,1.6,2.8,2
1154,0.6,0.6,0.6,1.2,2.4,0.6,1.2,2.4,2
1155,0.6,0.5,0.8,1.6,2.0,0.6,1.6,2.0,2
1156,0.6,0.7,0.7,1.4,2.8,0.6,1.4,2.8,2
1157,0.6,0.5,0.7,1.4,2.0,0.6,1.4,2.0,2
1158,0.6,0.7,0.7,1.4,2.8,0.6,1.4,2.8,2
1159,0.6,0.6,0.6,1.2,2.4,0.6,1.2,2.4,2
1160,0.6,0.7,0.6,1.2,2.8,0.6,1.2,2.8,2
1161,0.7,0.7,0.8,1.6,2.8,0.7,1.6,2.8,2
1162,0.6,0.5,0.7,1.4,2.0,0.6,1.4,2.0,2
1163,0.6,0.6,0.8,1.6,2.4,0.6,1.6,2.4,2
1164,0.7,0.6,0.8,1.6,2.4,0.7,1.6,2.4,2
1165,0.6,0.6,0.6,1.2,2.4,0.6,1.2,2.4,2
1166,0.6,0.6,0.6,1.2,2.4,0.6,1.2,2.4,2
1167,0.6,0.7,0.7,1.4,2.8,0.6,1.4,2.8,4
1168,0.6,0.5,0.6,1.2,2.0,0.6,1.2,2.0,4
1169,0.6,0.7,0.7,1.4,2.8,0.6,1.4,2.8,4
1170,0.6,0.5,0.6,1.2,2.0,0.6,1.2,2.0,4
1171,0.7,0.6,0.7,1.4,2.4,0.7,1.4,2.4,4
1172,0.6,0.5,0.7,1.4,2.0,0.6,1.4,2.0,4
1173,0.8,0.7,0.7,1.4,2.8,0.8,1.4,2.8,4
1174,0.6,0.5,0.6,1.2,2.0,0.6,1.2,2.0,4
1175,0.6,0.5,0.8,1.6,2.0,0.6,1.6,2.0,4
1176,0.6,0.6,0.7,1.4,2.4,0.6,1.4,2.4,4
1177,0.6,0.7,0.6,1.2,2.8,0.6,1.2,2.8,4
1178,0.7,0.7,0.6,1.2,2.8,0.7,1.2,2.8,4
1179,0.6,0.7,0.6,1.2,2.8,0.6,1.2,2.8,4
1180,0.6,0.7,0.8,1.6,2.8,0.6,1.6,2.8,4
1181,0.7,0.5,0.7,1.4,2.0,0.7,1.4,2.0,4
1182,0.6,0.5,0.7,1.4,2.0,0.6,1.4,2.0,4
1183,0.8,0.7,0.6,1.2,2.8,0.8,1.2,2.8,4
1184,0.6,0.5,0.6,1.2,2.0,0.6,1.2,2.0,4
1185,0.6,0.5,0.7,1.4,2.0,0.6,1.4,2.0,4
1186,0.6,0.7,0.7,1.4,2.8,0.6,1.4,2.8,4
1187,0.6,0.7,0.7,1.4,2.8,0.6,1.4,2.8,4
1188,0.6,0.7,0.8,1.6,2.8,0.6,1.6,2.8,4
1189,0.6,0.7,0.6,1.2,2.8,0.6,1.2,2.8,4
1190,0.6,0.7,0.6,1.2,2.8,0.6,1.2,2.8,4
1191,0.6,0.5,0.6,1.2,2.0,0.6,1.2,2.0,4
1192,0.7,0.6,0.6,1.2,2.4,0.7,1.2,2.4,4
1193,0.8,0.7,0.7,1.4,2.8,0.8,1.4,2.8,4
1194,0.8,0.6,0.8,1.6,2.4,0.8,1.6,2.4,4
1195,0.6,0.7,0.7,1.4,2.8,0.6,1.4,2.8,4
1196,0.6,0.5,0.6,1.2,2.0,0.6,1.2,2.0,4
1197,0.6,0.7,0.6,1.2,2.8,0.6,1.2,2.8,4
1198,0.7,0.5,0.7,1.4,2.0,0.7,1.4,2.0,4
1199,0.8,0.5,0.7,1.4,2.0,0.8,1.4,2.0,4
1200,0.6,0.6,0.6,1.2,2.4,0.6,1.2,2.4,4
1201,0.6,0.5,0.6,1.2,2.0,0.6,1.2,2.0,4
1202,0.8,0.7,0.6,1.2,2.8,0.8,1.2,2.8,4
1203,0.7,0.6,0.6,1.2,2.4,0.7,1.2,2.4,4
1204,0.8,0.6,0.7,1.4,2.4,0.8,1.4,2.4,4
1205,0.6,0.5,0.6,1.2,2.0,0.6,1.2,2.0,4
1206,0.6,0.7,0.8,1.6,2.8,0.6,1.6,2.8,4
1207,0.6,0.7,0.7,1.4,2.8,0.6,1.4,2.8,4
1208,0.6,0.6,0.8,1.6,2.4,0.6,1.6,2.4,4
1209,0.8,0.7,0.6,1.2,2.8,0.8,1.2,2.8,4
1210,0.6,0.7,0.6,1.2,2.8,0.6,1.2,2.8,4
1211,0.6,0.5,0.6,1.2,2.0,0.6,1.2,2.0,4
1212,0.6,0.6,0.8,1.6,2.4,0.6,1.6,2.4,4
1213,0.8,0.5,0.6,1.2,2.0,0.8,1.2,2.0,4
1214,0.8,0.5,0.6,1.2,2.0,0.8,1.2,2.0,4
1215,0.6,0.5,0.8,1.6,2.0,0.6,1.6,2.0,4
1216,0.7,0.6,0.7,1.4,2.4,0.7,1.4,2.4,4
1217,0.7,0.5,0.7,1.4,2.0,0.7,1.4,2.0,4
1218,0.7,0.7,0.6,1.2,2.8,0.7,1.2,2.8,4
1219,0.6,0.7,0.8,1.6,2.8,0.6,1.6,2.8,4
1220,0.6,0.6,0.6,1.2,2.4,0.6,1.2,2.4,4
1221,0.7,0.5,0.7,1.4,2.0,0.7,1.4,2.0,4
1222,0.6,0.7,0.6,1.2,2.8,0.6,1.2,2.8,4
1223,0.6,0.6,0.7,1.4,2.4,0.6,1.4,2.4,4
1224,0.6,0.5,0.8,1.6,2.0,0.6,1.6,2.0,4
1225,0.8,0.5,0.7,1.4,2.0,0.8,1.4,2.0,4
1226,0.6,0.5,0.6,1.2,2.0,0.6,1.2,2.0,4
1227,0.8,0.6,0.6,1.2,2.4,0.8,1.2,2.4,4
1228,0.6,0.5,0.6,1.2,2.0,0.6,1.2,2.0,4
1229,0.8,0.6,0.6,1.2,2.4,0.8,1.2,2.4,4
1230,0.8,0.5,0.6,1.2,2.0,0.8,1.2,2.0,4
1231,0.6,0.7,0.6,1.2,2.8,0.6,1.2,2.8,4
1232,0.6,0.5,0.7,1.4,2.0,0.6,1.4,2.0,4
1233,0.6,0.5,0.6,1.2,2.0,0.6,1.2,2.0,4
1234,0.8,0.7,0.6,1.2,2.8,0.8,1.2,2.8,4
1235,0.6,0.5,0.7,1.4,2.0,0.6,1.4,2.0,4
1236,0.8,0.5,0.6,1.2,2.0,0.8,1.2,2.0,4
1237,0.6,0.5,0.8,1.6,2.0,0.6,1.6,2.0,4
1238,0.6,0.7,0.6,1.2,2.8,0.6,1.2,2.8,4
1239,0.6,0.5,0.6,1.2,2.0,0.6,1.2,2.0,4
1240,0.7,0.5,0.8,1.6,2.0,0.7,1.6,2.0,4
1241,0.8,0.5,0.6,1.2,2.0,0.8,1.2,2.0,4
1242,0.6,0.5,0.6,1.2,2.0,0.6,1.2,2.0,4
1243,0.6,0.5,0.7,1.4,2.0,0.6,1.4,2.0,4
1244,0.6,0.7,0.6,1.2,2.8,0.6,1.2,2.8,4
1245,0.6,0.7,0.6,1.2,2.8,0.6,1.2,2.8,4
1246,0.6,0.7,0.7,1.4,2.8,0.6,1.4,2.8,4
1247,0.6,0.6,0.8,1.6,2.4,0.6,1.6,2.4,4
1248,0.6,0.7,0.8,1.6,2.8,0.6,1.6,2.8,4
1249,0.6,0.5,0.6,1.2,2.0,0.6,1.2,2.0,4
1250,0.6,0.5,0.7,1.4,2.0,0.6,1.4,2.0,4
1251,0.8,0.6,0.7,1.4,2.4,0.8,1.4,2.4,4
1252,0.6,0.7,0.7,1.4,2.8,0.6,1.4,2.8,4
1253,0.6,0.7,0.6,1.2,2.8,0.6,1.2,2.8,4
1254,0.8,0.5,0.6,1.2,2.0,0.8,1.2,2.0,4
1255,0.7,0.5,0.7,1.4,2.0,0.7,1.4,2.0,4
1256,0.7,0.7,0.8,1.6,2.8,0.7,1.6,2.8,4
1257,0.6,0.7,0.6,1.2,2.8,0.6,1.2,2.8,4
1258,0.6,0.7,0.6,1.2,2.8,0.6,1.2,2.8,4
1259,0.6,0.5,0.7,1.4,2.0,0.6,1.4,2.0,4
1260,0.6,0.7,0.7,1.4,2.8,0.6,1.4,2.8,4
1261,0.6,0.7,0.7,1.4,2.8,0.6,1.4,2.8,4
1262,0.6,0.7,0.8,1.6,2.8,0.6,1.6,2.8,4
1263,0.6,0.7,0.8,1.6,2.8,0.6,1.6,2.8,4
1264,0.6,0.7,0.6,1.2,2.8,0.6,1.2,2.8,4
1265,0.6,0.6,0.6,1.2,2.4,0.6,1.2,2.4,4
1266,0.6,0.7,0.7,1.4,2.8,0.6,1.4,2.8,4
1267,0.8,0.5,0.7,1.4,2.0,0.8,1.4,2.0,4
1268,0.6,0.5,0.8,1.6,2.0,0.6,1.6,2.0,4
1269,0.7,0.7,0.7,1.4,2.8,0.7,1.4,2.8,4
1270,0.6,0.6,0.8,1.6,2.4,0.6,1.6,2.4,4
1271,0.8,0.6,0.8,1.6,2.4,0.8,1.6,2.4,4
1272,0.7,0.7,0.7,1.4,2.8,0.7,1.4,2.8,4
1273,0.6,0.6,0.6,1.2,2.4,0.6,1.2,2.4,4
1274,0.6,0.7,0.8,1.6,2.8,0.6,1.6,2.8,4
1275,0.6,0.6,0.6,1.2,2.4,0.6,1.2,2.4,4
1276,0.6,0.5,0.6,1.2,2.0,0.6,1.2,2.0,4
1277,0.6,0.7,0.7,1.4,2.8,0.6,1.4,2.8,4
1278,0.6,0.7,0.6,1.2,2.8,0.6,1.2,2.8,4
1279,0.8,0.7,0.6,1.2,2.8,0.8,1.2,2.8,4
1280,0.6,0.5,0.7,1.4,2.0,0.6,1.4,2.0,4
1281,0.6,0.6,0.7,1.4,2.4,0.6,1.4,2.4,4
1282,0.6,0.7,0.6,1.2,2.8,0.6,1.2,2.8,4
1283,0.6,0.5,0.7,1.4,2.0,0.6,1.4,2.0,4
1284,0.7,0.5,0.7,1.4,2.0,0.7,1.4,2.0,4
1285,0.6,0.6,0.8,1.6,2.4,0.6,1.6,2.4,4
1286,0.6,0.6,0.6,1.2,2.4,0.6,1.2,2.4,4
1287,0.6,0.5,0.7,1.4,2.0,0.6,1.4,2.0,4
1288,0.7,0.5,0.6,1.2,2.0,0.7,1.2,2.0,4
1289,0.7,0.7,0.6,1.2,2.8,0.7,1.2,2.8,4
1290,0.6,0.7,0.8,1.6,2.8,0.6,1.6,2.8,4
1291,0.8,0.7,0.6,1.2,2.8,0.8,1.2,2.8,4
1292,0.6,0.7,0.8,1.6,2.8,0.6,1.6,2.8,4
1293,0.6,0.6,0.6,1.2,2.4,0.6,1.2,2.4,4
1294,0.7,0.5,0.6,1.2,2.0,0.7,1.2,2.0,4
1295,0.6,0.5,0.6,1.2,2.0,0.6,1.2,2.0,4
1296,0.6,0.7,0.7,1.4,2.8,0.6,1.4,2.8,4
1297,0.7,0.5,0.8,1.6,2.0,0.7,1.6,2.0,4
1298,0.7,0.5,0.6,1.2,2.0,0.7,1.2,2.0,4
1299,0.6,0.5,0.6,1.2,2.0,0.6,1.2,2.0,4
1300,0.7,0.5,0.8,1.6,2.0,0.7,1.6,2.0,4
1301,0.6,0.5,0.7,1.4,2.0,0.6,1.4,2.0,4
1302,0.6,0.6,0.8,1.6,2.4,0.6,1.6,2.4,4
1303,0.6,0.7,0.6,1.2,2.8,0.6,1.2,2.8,4
1304,0.6,0.7,0.6,1.2,2.8,0.6,1.2,2.8,4
1305,0.8,0.7,0.8,1.6,2.8,0.8,1.6,2.8,4
1306,0.6,0.7,0.7,1.4,2.8,0.6,1.4,2.8,4
1307,0.8,0.5,0.6,1.2,2.0,0.8,1.2,2.0,4
1308,0.7,0.6,0.7,1.4,2.4,0.7,1.4,2.4,4
1309,0.7,0.5,0.7,1.4,2.0,0.7,1.4,2.0,4
1310,0.6,0.7,0.7,1.4,2.8,0.6,1.4,2.8,4
1311,0.6,0.6,0.6,1.2,2.4,0.6,1.2,2.4,4
1312,0.7,0.7,0.8,1.6,2.8,0.7,1.6,2.8,4
1313,0.7,0.6,0.6,1.2,2.4,0.7,1.2,2.4,4
1314,0.6,0.7,0.6,1.2,2.8,0.6,1.2,2.8,4
1315,0.8,0.5,0.8,1.6,2.0,0.8,1.6,2.0,4
1316,0.6,0.7,0.6,1.2,2.8,0.6,1.2,2.8,4
1317,0.8,0.5,0.7,1.4,2.0,0.8,1.4,2.0,4
1318,0.6,0.5,0.6,1.2,2.0,0.6,1.2,2.0,4
1319,0.6,0.5,0.7,1.4,2.0,0.6,1.4,2.0,4
1320,0.6,0.6,0.8,1.6,2.4,0.6,1.6,2.4,4
1321,0.6,0.5,0.8,1.6,2.0,0.6,1.6,2.0,4
1322,0.6,0.7,0.8,1.6,2.8,0.6,1.6,2.8,4
1323,0.6,0.5,0.8,1.6,2.0,0.6,1.6,2.0,4
1324,0.7,0.6,0.7,1.4,2.4,0.7,1.4,2.4,4
1325,0.6,0.6,0.7,1.4,2.4,0.6,1.4,2.4,4
1326,0.7,0.6,0.8,1.6,2.4,0.7,1.6,2.4,4
1327,0.6,0.5,0.6,1.2,2.0,0.6,1.2,2.0,4
1328,0.6,0.6,0.7,1.4,2.4,0.6,1.4,2.4,4
1329,0.7,0.6,0.7,1.4,2.4,0.7,1.4,2.4,4
1330,0.6,0.7,0.6,1.2,2.8,0.6,1.2,2.8,4
1331,0.8,0.6,0.8,1.6,2.4,0.8,1.6,2.4,4
1332,0.6,0.7,0.6,1.2,2.8,0.6,1.2,2.8,4
1333,0.8,0.6,0.6,1.2,2.4,0.8,1.2,2.4,4
1334,0.6,0.5,0.7,1.4,2.0,0.6,1.4,2.0,4
1335,0.6,0.5,0.6,1.2,2.0,0.6,1.2,2.0,1
1336,0.7,0.7,0.8,1.6,2.8,0.7,1.6,2.8,1
1337,0.6,0.7,0.6,1.2,2.8,0.6,1.2,2.8,1
1338,0.8,0.5,0.6,1.2,2.0,0.8,1.2,2.0,1
1339,0.6,0.5,0.7,1.4,2.0,0.6,1.4,2.0,1
1340,0.7,0.5,0.8,1.6,2.0,0.7,1.6,2.0,1
1341,0.6,0.5,0.7,1.4,2.0,0.6,1.4,2.0,1
1342,0.6,0.5,0.6,1.2,2.0,0.6,1.2,2.0,1
1343,0.6,0.5,0.7,1.4,2.0,0.6,1.4,2.0,1
1344,0.7,0.7,0.8,1.6,2.8,0.7,1.6,2.8,1
1345,0.6,0.6,0.7,1.4,2.4,0.6,1.4,2.4,1
1346,0.6,0.5,0.7,1.4,2.0,0.6,1.4,2.0,1
1347,0.6,0.7,0.7,1.4,2.8,0.6,1.4,2.8,1
1348,0.6,0.5,0.7,1.4,2.0,0.6,1.4,2.0,1
1349,0.6,0.5,0.6,1.2,2.0,0.6,1.2,2.0,1
1350,0.7,0.5,0.7,1.4,2.0,0.7,1.4,2.0,1
1351,0.7,0.7,0.6,1.2,2.8,0.7,1.2,2.8,1
1352,0.6,0.5,0.6,1.2,2.0,0.6,1.2,2.0,1
1353,0.6,0.7,0.6,1.2,2.8,0.6,1.2,2.8,1
1354,0.6,0.5,0.6,1.2,2.0,0.6,1.2,2.0,1
1355,0.7,0.7,0.6,1.2,2.8,0.7,1.2,2.8,1
1356,0.7,0.6,0.7,1.4,2.4,0.7,1.4,2.4,1
1357,0.6,0.7,0.6,1.2,2.8,0.6,1.2,2.8,1
1358,0.7,0.6,0.6,1.2,2.4,0.7,1.2,2.4,1
1359,0.6,0.7,0.6,1.2,2.8,0.6,1.2,2.8,1
1360,0.6,0.7,0.6,1.2,2.8,0.6,1.2,2.8,1
1361,0.6,0.5,0.6,1.2,2.0,0.6,1.2,2.0,1
1362,0.7,0.5,0.6,1.2,2.0,0.7,1.2,2.0,1
1363,0.6,0.5,0.8,1.6,2.0,0.6,1.6,2.0,1
1364,0.8,0.6,0.6,1.2,2.4,0.8,1.2,2.4,1
1365,0.8,0.6,0.8,1.6,2.4,0.8,1.6,2.4,1
1366,0.6,0.7,0.8,1.6,2.8,0.6,1.6,2.8,1
1367,0.6,0.5,0.7,1.4,2.0,0.6,1.4,2.0,1
1368,0.6,0.6,0.7,1.4,2.4,0.6,1.4,2.4,1
1369,0.6,0.7,0.7,1.4,2.8,0.6,1.4,2.8,1
1370,0.6,0.7,0.6,1.2,2.8,0.6,1.2,2.8,1
1371,0.6,0.7,0.6,1.2,2.8,0.6,1.2,2.8,1
1372,0.7,0.5,0.6,1.2,2.0,0.7,1.2,2.0,1
1373,0.6,0.7,0.8,1.6,2.8,0.6,1.6,2.8,1
1374,0.6,0.5,0.7,1.4,2.0,0.6,1.4,2.0,1
1375,0.8,0.7,0.8,1.6,2.8,0.8,1.6,2.8,1
1376,0.7,0.7,0.6,1.2,2.8,0.7,1.2,2.8,1
1377,0.7,0.6,0.6,1.2,2.4,0.7,1.2,2.4,1
1378,0.7,0.5,0.7,1.4,2.0,0.7,1.4,2.0,1
1379,0.6,0.5,0.6,1.2,2.0,0.6,1.2,2.0,1
1380,0.7,0.5,0.6,1.2,2.0,0.7,1.2,2.0,1
1381,0.6,0.5,0.6,1.2,2.0,0.6,1.2,2.0,1
1382,0.6,0.5,0.7,1.4,2.0,0.6,1.4,2.0,1
1383,0.8,0.5,0.6,1.2,2.0,0.8,1.2,2.0,1
1384,0.6,0.5,0.7,1.4,2.0,0.6,1.4,2.0,1
1385,0.7,0.7,0.6,1.2,2.8,0.7,1.2,2.8,1
1386,0.7,0.7,0.6,1.2,2.8,0.7,1.2,2.8,1
1387,0.6,0.7,0.6,1.2,2.8,0.6,1.2,2.8,1
1388,0.6,0.5,0.6,1.2,2.0,0.6,1.2,2.0,1
1389,0.6,0.6,0.6,1.2,2.4,0.6,1.2,2.4,1
1390,0.8,0.7,0.6,1.2,2.8,0.8,1.2,2.8,1
1391,0.7,0.5,0.8,1.6,2.0,0.7,1.6,2.0,1
1392,0.6,0.5,0.8,1.6,2.0,0.6,1.6,2.0,1
1393,0.6,0.7,0.6,1.2,2.8,0.6,1.2,2.8,1
1394,0.6,0.5,0.7,1.4,2.0,0.6,1.4,2.0,1
1395,0.6,0.7,0.7,1.4,2.8,0.6,1.4,2.8,1
1396,0.6,0.7,0.8,1.6,2.8,0.6,1.6,2.8,1
1397,0.6,0.5,0.7,1.4,2.0,0.6,1.4,2.0,1
1398,0.6,0.7,0.6,1.2,2.8,0.6,1.2,2.8,1
1399,0.6,0.7,0.6,1.2,2.8,0.6,1.2,2.8,1
1400,0.6,0.7,0.6,1.2,2.8,0.6,1.2,2.8,1
1401,0.7,0.5,0.7,1.4,2.0,0.7,1.4,2.0,1
1402,0.6,0.5,0.6,1.2,2.0,0.6,1.2,2.0,1
1403,0.8,0.7,0.6,1.2,2.8,0.8,1.2,2.8,1
1404,0.6,0.7,0.8,1.6,2.8,0.6,1.6,2.8,1
1405,0.7,0.7,0.6,1.2,2.8,0.7,1.2,2.8,1
1406,0.8,0.7,0.6,1.2,2.8,0.8,1.2,2.8,1
1407,0.6,0.7,0.6,1.2,2.8,0.6,1.2,2.8,1
1408,0.7,0.7,0.7,1.4,2.8,0.7,1.4,2.8,1
1409,0.8,0.5,0.6,1.2,2.0,0.8,1.2,2.0,1
1410,0.6,0.7,0.6,1.2,2.8,0.6,1.2,2.8,1
1411,0.6,0.6,0.6,1.2,2.4,0.6,1.2,2.4,1
1412,0.7,0.5,0.7,1.4,2.0,0.7,1.4,2.0,1
1413,0.6,0.7,0.8,1.6,2.8,0.6,1.6,2.8,1
1414,0.8,0.7,0.8,1.6,2.8,0.8,1.6,2.8,1
1415,0.6,0.7,0.6,1.2,2.8,0.6,1.2,2.8,1
1416,0.8,0.6,0.6,1.2,2.4,0.8,1.2,2.4,1
1417,0.7,0.7,0.7,1.4,2.8,0.7,1.4,2.8,1
1418,0.7,0.5,0.6,1.2,2.0,0.7,1.2,2.0,1
1419,0.7,0.7,0.7,1.4,2.8,0.7,1.4,2.8,1
1420,0.6,0.7,0.6,1.2,2.8,0.6,1.2,2.8,1
1421,0.7,0.7,0.8,1.6,2.8,0.7,1.6,2.8,1
1422,0.6,0.5,0.7,1.4,2.0,0.6,1.4,2.0,1
1423,0.8,0.7,0.8,1.6,2.8,0.8,1.6,2.8,1
1424,0.7,0.5,0.6,1.2,2.0,0.7,1.2,2.0,1
1425,0.7,0.5,0.6,1.2,2.0,0.7,1.2,2.0,1
1426,0.6,0.7,0.7,1.4,2.8,0.6,1.4,2.8,1
1427,0.8,0.6,0.7,1.4,2.4,0.8,1.4,2.4,1
1428,0.6,0.7,0.6,1.2,2.8,0.6,1.2,2.8,1
1429,0.7,0.7,0.6,1.2,2.8,0.7,1.2,2.8,1
1430,0.6,0.5,0.6,1.2,2.0,0.6,1.2,2.0,1
1431,0.6,0.7,0.6,1.2,2.8,0.6,1.2,2.8,1
1432,0.6,0.5,0.7,1.4,2.0,0.6,1.4,2.0,1
1433,0.7,0.5,0.8,1.6,2.0,0.7,1.6,2.0,1
1434,0.7,0.7,0.7,1.4,2.8,0.7,1.4,2.8,1
1435,0.6,0.7,0.6,1.2,2.8,0.6,1.2,2.8,1
1436,0.8,0.5,0.8,1.6,2.0,0.8,1.6,2.0,1
1437,0.6,0.5,0.8,1.6,2.0,0.6,1.6,2.0,1
1438,0.6,0.5,0.8,1.6,2.0,0.6,1.6,2.0,1
1439,0.6,0.7,0.7,1.4,2.8,0.6,1.4,2.8,1
1440,0.7,0.5,0.6,1.2,2.0,0.7,1.2,2.0,1
1441,0.6,0.7,0.7,1.4,2.8,0.6,1.4,2.8,1
1442,0.6,0.6,0.6,1.2,2.4,0.6,1.2,2.4,1
1443,0.7,0.7,0.7,1.4,2.8,0.7,1.4,2.8,1
1444,0.6,0.6,0.6,1.2,2.4,0.6,1.2,2.4,1
1445,0.8,0.6,0.7,1.4,2.4,0.8,1.4,2.4,1
1446,0.6,0.7,0.6,1.2,2.8,0.6,1.2,2.8,1
1447,0.6,0.5,0.8,1.6,2.0,0.6,1.6,2.0,1
1448,0.8,0.5,0.8,1.6,2.0,0.8,1.6,2.0,1
1449,0.8,0.6,0.7,1.4,2.4,0.8,1.4,2.4,1
1450,0.6,0.7,0.6,1.2,2.8,0.6,1.2,2.8,1
1451,0.6,0.6,0.8,1.6,2.4,0.6,1.6,2.4,1
1452,0.8,0.5,0.6,1.2,2.0,0.8,1.2,2.0,1
1453,0.6,0.5,0.6,1.2,2.0,0.6,1.2,2.0,1
1454,0.7,0.6,0.6,1.2,2.4,0.7,1.2,2.4,1
1455,0.8,0.7,0.6,1.2,2.8,0.8,1.2,2.8,1
1456,0.6,0.5,0.7,1.4,2.0,0.6,1.4,2.0,1
1457,0.8,0.7,0.6,1.2,2.8,0.8,1.2,2.8,1
1458,0.6,0.6,0.7,1.4,2.4,0.6,1.4,2.4,1
1459,0.6,0.7,0.8,1.6,2.8,0.6,1.6,2.8,1
1460,0.6,0.5,0.7,1.4,2.0,0.6,1.4,2.0,1
1461,0.6,0.6,0.7,1.4,2.4,0.6,1.4,2.4,1
1462,0.7,0.6,0.6,1.2,2.4,0.7,1.2,2.4,1
1463,0.6,0.7,0.6,1.2,2.8,0.6,1.2,2.8,1
1464,0.6,0.5,0.7,1.4,2.0,0.6,1.4,2.0,1
1465,0.6,0.7,0.6,1.2,2.8,0.6,1.2,2.8,1
1466,0.7,0.7,0.8,1.6,2.8,0.7,1.6,2.8,1
1467,0.8,0.7,0.8,1.6,2.8,0.8,1.6,2.8,1
1468,0.6,0.5,0.6,1.2,2.0,0.6,1.2,2.0,1
1469,0.6,0.5,0.8,1.6,2.0,0.6,1.6,2.0,1
1470,0.6,0.5,0.6,1.2,2.0,0.6,1.2,2.0,1
1471,0.6,0.7,0.8,1.6,2.8,0.6,1.6,2.8,1
1472,0.6,0.5,0.7,1.4,2.0,0.6,1.4,2.0,1
1473,0.8,0.6,0.6,1.2,2.4,0.8,1.2,2.4,1
1474,0.7,0.7,0.6,1.2,2.8,0.7,1.2,2.8,1
1475,0.7,0.7,0.7,1.4,2.8,0.7,1.4,2.8,1
1476,0.7,0.6,0.6,1.2,2.4,0.7,1.2,2.4,1
1477,0.7,0.7,0.8,1.6,2.8,0.7,1.6,2.8,1
1478,0.8,0.7,0.6,1.2,2.8,0.8,1.2,2.8,1
1479,0.6,0.5,0.8,1.6,2.0,0.6,1.6,2.0,1
1480,0.8,0.5,0.7,1.4,2.0,0.8,1.4,2.0,1
1481,0.8,0.7,0.7,1.4,2.8,0.8,1.4,2.8,1
1482,0.6,0.6,0.6,1.2,2.4,0.6,1.2,2.4,1
1483,0.6,0.6,0.6,1.2,2.4,0.6,1.2,2.4,1
1484,0.7,0.6,0.8,1.6,2.4,0.7,1.6,2.4,1
1485,0.6,0.7,0.7,1.4,2.8,0.6,1.4,2.8,1
1486,0.6,0.5,0.8,1.6,2.0,0.6,1.6,2.0,1
1487,0.6,0.5,0.6,1.2,2.0,0.6,1.2,2.0,1
1488,0.7,0.7,0.6,1.2,2.8,0.7,1.2,2.8,1
1489,0.6,0.7,0.6,1.2,2.8,0.6,1.2,2.8,1
1490,0.6,0.7,0.6,1.2,2.8,0.6,1.2,2.8,1
1491,0.7,0.6,0.8,1.6,2.4,0.7,1.6,2.4,1
1492,0.6,0.7,0.6,1.2,2.8,0.6,1.2,2.8,1
1493,0.7,0.5,0.7,1.4,2.0,0.7,1.4,2.0,1
1494,0.6,0.6,0.6,1.2,2.4,0.6,1.2,2.4,1
1495,0.6,0.6,0.8,1.6,2.4,0.6,1.6,2.4,1
1496,0.8,0.7,0.7,1.4,2.8,0.8,1.4,2.8,1
1497,0.8,0.5,0.7,1.4,2.0,0.8,1.4,2.0,1
1498,0.8,0.7,0.6,1.2,2.8,0.8,1.2,2.8,1
1499,0.6,0.7,0.6,1.2,2.8,0.6,1.2,2.8,1
1500,0.8,0.7,0.6,1.2,2.8,0.8,1.2,2.8,1
1501,0.6,0.5,0.6,1.2,2.0,0.6,1.2,2.0,1
1502,0.6,0.7,0.6,1.2,2.8,0.6,1.2,2.8,1
1503,0.7,0.6,0.8,1.6,2.4,0.7,1.6,2.4,3
1504,0.6,0.5,0.7,1.4,2.0,0.6,1.4,2.0,3
1505,0.6,0.5,0.6,1.2,2.0,0.6,1.2,2.0,3
1506,0.7,0.7,0.8,1.6,2.8,0.7,1.6,2.8,3
1507,0.7,0.5,0.6,1.2,2.0,0.7,1.2,2.0,3
1508,0.7,0.7,0.6,1.2,2.8,0.7,1.2,2.8,3
1509,0.6,0.7,0.6,1.2,2.8,0.6,1.2,2.8,3
1510,0.6,0.5,0.8,1.6,2.0,0.6,1.6,2.0,3
1511,0.7,0.5,0.8,1.6,2.0,0.7,1.6,2.0,3
1512,0.7,0.7,0.7,1.4,2.8,0.7,1.4,2.8,3
1513,0.6,0.5,0.8,1.6,2.0,0.6,1.6,2.0,3
1514,0.7,0.6,0.6,1.2,2.4,0.7,1.2,2.4,3
1515,0.6,0.5,0.6,1.2,2.0,0.6,1.2,2.0,3
1516,0.7,0.5,0.6,1.2,2.0,0.7,1.2,2.0,3
1517,0.6,0.6,0.6,1.2,2.4,0.6,1.2,2.4,3
1518,0.8,0.7,0.8,1.6,2.8,0.8,1.6,2.8,3
1519,0.6,0.7,0.6,1.2,2.8,0.6,1.2,2.8,3
1520,0.7,0.7,0.8,1.6,2.8,0.7,1.6,2.8,3
1521,0.6,0.7,0.6,1.2,2.8,0.6,1.2,2.8,3
1522,0.6,0.7,0.6,1.2,2.8,0.6,1.2,2.8,3
1523,0.8,0.5,0.7,1.4,2.0,0.8,1.4,2.0,3
1524,0.6,0.6,0.7,1.4,2.4,0.6,1.4,2.4,3
1525,0.6,0.7,0.6,1.2,2.8,0.6,1.2,2.8,3
1526,0.6,0.6,0.6,1.2,2.4,0.6,1.2,2.4,3
1527,0.6,0.6,0.6,1.2,2.4,0.6,1.2,2.4,3
1528,0.8,0.6,0.7,1.4,2.4,0.8,1.4,2.4,3
1529,0.7,0.5,0.6,1.2,2.0,0.7,1.2,2.0,3
1530,0.6,0.5,0.6,1.2,2.0,0.6,1.2,2.0,3
1531,0.6,0.7,0.6,1.2,2.8,0.6,1.2,2.8,3
1532,0.8,0.6,0.6,1.2,2.4,0.8,1.2,2.4,3
1533,0.6,0.7,0.7,1.4,2.8,0.6,1.4,2.8,3
1534,0.7,0.5,0.7,1.4,2.0,0.7,1.4,2.0,3
1535,0.7,0.7,0.6,1.2,2.8,0.7,1.2,2.8,3
1536,0.8,0.5,0.8,1.6,2.0,0.8,1.6,2.0,3
1537,0.6,0.7,0.6,1.2,2.8,0.6,1.2,2.8,3
1538,0.8,0.7,0.7,1.4,2.8,0.8,1.4,2.8,3
1539,0.8,0.6,0.6,1.2,2.4,0.8,1.2,2.4,3
1540,0.6,0.5,0.8,1.6,2.0,0.6,1.6,2.0,3
1541,0.6,0.5,0.6,1.2,2.0,0.6,1.2,2.0,3
1542,0.6,0.7,0.8,1.6,2.8,0.6,1.6,2.8,3
1543,0.8,0.7,0.6,1.2,2.8,0.8,1.2,2.8,3
1544,0.7,0.5,0.7,1.4,2.0,0.7,1.4,2.0,3
1545,0.7,0.7,0.6,1.2,2.8,0.7,1.2,2.8,3
1546,0.7,0.6,0.7,1.4,2.4,0.7,1.4,2.4,3
1547,0.8,0.5,0.7,1.4,2.0,0.8,1.4,2.0,3
1548,0.6,0.7,0.7,1.4,2.8,0.6,1.4,2.8,3
1549,0.6,0.5,0.7,1.4,2.0,0.6,1.4,2.0,3
1550,0.7,0.5,0.6,1.2,2.0,0.7,1.2,2.0,3
1551,0.6,0.7,0.6,1.2,2.8,0.6,1.2,2.8,3
1552,0.6,0.7,0.6,1.2,2.8,0.6,1.2,2.8,3
1553,0.6,0.5,0.7,1.4,2.0,0.6,1.4,2.0,3
1554,0.8,0.7,0.6,1.2,2.8,0.8,1.2,2.8,3
1555,0.8,0.5,0.7,1.4,2.0,0.8,1.4,2.0,3
1556,0.8,0.7,0.7,1.4,2.8,0.8,1.4,2.8,3
1557,0.8,0.7,0.7,1.4,2.8,0.8,1.4,2.8,3
1558,0.6,0.6,0.6,1.2,2.4,0.6,1.2,2.4,3
1559,0.6,0.7,0.8,1.6,2.8,0.6,1.6,2.8,3
1560,0.6,0.6,0.7,1.4,2.4,0.6,1.4,2.4,3
1561,0.8,0.7,0.7,1.4,2.8,0.8,1.4,2.8,3
1562,0.6,0.5,0.6,1.2,2.0,0.6,1.2,2.0,3
1563,0.8,0.5,0.8,1.6,2.0,0.8,1.6,2.0,3
1564,0.6,0.5,0.6,1.2,2.0,0.6,1.2,2.0,3
1565,0.8,0.7,0.7,1.4,2.8,0.8,1.4,2.8,3
1566,0.8,0.7,0.7,1.4,2.8,0.8,1.4,2.8,3
1567,0.6,0.6,0.7,1.4,2.4,0.6,1.4,2.4,3
1568,0.6,0.7,0.7,1.4,2.8,0.6,1.4,2.8,3
1569,0.6,0.5,0.7,1.4,2.0,0.6,1.4,2.0,3
1570,0.6,0.5,0.7,1.4,2.0,0.6,1.4,2.0,3
1571,0.6,0.6,0.7,1.4,2.4,0.6,1.4,2.4,3
1572,0.7,0.6,0.6,1.2,2.4,0.7,1.2,2.4,3
1573,0.6,0.7,0.8,1.6,2.8,0.6,1.6,2.8,3
1574,0.7,0.6,0.6,1.2,2.4,0.7,1.2,2.4,3
1575,0.6,0.5,0.7,1.4,2.0,0.6,1.4,2.0,3
1576,0.7,0.6,0.7,1.4,2.4,0.7,1.4,2.4,3
1577,0.6,0.6,0.6,1.2,2.4,0.6,1.2,2.4,3
1578,0.6,0.7,0.8,1.6,2.8,0.6,1.6,2.8,3
1579,0.6,0.7,0.6,1.2,2.8,0.6,1.2,2.8,3
1580,0.7,0.5,0.7,1.4,2.0,0.7,1.4,2.0,3
1581,0.6,0.5,0.7,1.4,2.0,0.6,1.4,2.0,3
1582,0.6,0.5,0.8,1.6,2.0,0.6,1.6,2.0,3
1583,0.6,0.5,0.6,1.2,2.0,0.6,1.2,2.0,3
1584,0.6,0.7,0.7,1.4,2.8,0.6,1.4,2.8,3
1585,0.6,0.7,0.6,1.2,2.8,0.6,1.2,2.8,3
1586,0.6,0.6,0.8,1.6,2.4,0.6,1.6,2.4,3
1587,0.6,0.5,0.7,1.4,2.0,0.6,1.4,2.0,3
1588,0.7,0.7,0.7,1.4,2.8,0.7,1.4,2.8,3
1589,0.6,0.7,0.6,1.2,2.8,0.6,1.2,2.8,3
1590,0.6,0.7,0.6,1.2,2.8,0.6,1.2,2.8,3
1591,0.6,0.7,0.8,1.6,2.8,0.6,1.6,2.8,3
1592,0.6,0.6,0.6,1.2,2.4,0.6,1.2,2.4,3
1593,0.7,0.7,0.6,1.2,2.8,0.7,1.2,2.8,3
1594,0.6,0.5,0.6,1.2,2.0,0.6,1.2,2.0,3
1595,0.6,0.5,0.6,1.2,2.0,0.6,1.2,2.0,3
1596,0.6,0.7,0.6,1.2,2.8,0.6,1.2,2.8,3
1597,0.6,0.5,0.7,1.4,2.0,0.6,1.4,2.0,3
1598,0.8,0.6,0.7,1.4,2.4,0.8,1.4,2.4,3
1599,0.6,0.6,0.6,1.2,2.4,0.6,1.2,2.4,3
1600,0.8,0.5,0.8,1.6,2.0,0.8,1.6,2.0,3
1601,0.8,0.6,0.6,1.2,2.4,0.8,1.2,2.4,3
1602,0.6,0.5,0.6,1.2,2.0,0.6,1.2,2.0,3
1603,0.6,0.7,0.7,1.4,2.8,0.6,1.4,2.8,3
1604,0.6,0.7,0.7,1.4,2.8,0.6,1.4,2.8,3
1605,0.8,0.5,0.6,1.2,2.0,0.8,1.2,2.0,3
1606,0.6,0.5,0.7,1.4,2.0,0.6,1.4,2.0,3
1607,0.6,0.7,0.6,1.2,2.8,0.6,1.2,2.8,3
1608,0.6,0.6,0.6,1.2,2.4,0.6,1.2,2.4,3
1609,0.7,0.7,0.6,1.2,2.8,0.7,1.2,2.8,3
1610,0.8,0.7,0.6,1.2,2.8,0.8,1.2,2.8,3
1611,0.7,0.5,0.7,1.4,2.0,0.7,1.4,2.0,3
1612,0.6,0.5,0.8,1.6,2.0,0.6,1.6,2.0,3
1613,0.6,0.6,0.8,1.6,2.4,0.6,1.6,2.4,3
1614,0.6,0.5,0.6,1.2,2.0,0.6,1.2,2.0,3
1615,0.6,0.5,0.6,1.2,2.0,0.6,1.2,2.0,3
1616,0.6,0.7,0.7,1.4,2.8,0.6,1.4,2.8,3
1617,0.6,0.7,0.6,1.2,2.8,0.6,1.2,2.8,3
1618,0.7,0.6,0.7,1.4,2.4,0.7,1.4,2.4,3
1619,0.6,0.6,0.7,1.4,2.4,0.6,1.4,2.4,3
1620,0.6,0.5,0.6,1.2,2.0,0.6,1.2,2.0,3
1621,0.6,0.7,0.7,1.4,2.8,0.6,1.4,2.8,3
1622,0.7,0.7,0.7,1.4,2.8,0.7,1.4,2.8,3
1623,0.7,0.5,0.6,1.2,2.0,0.7,1.2,2.0,3
1624,0.6,0.7,0.6,1.2,2.8,0.6,1.2,2.8,3
1625,0.6,0.5,0.7,1.4,2.0,0.6,1.4,2.0,3
1626,0.6,0.5,0.8,1.6,2.0,0.6,1.6,2.0,3
1627,0.7,0.6,0.8,1.6,2.4,0.7,1.6,2.4,3
1628,0.6,0.6,0.6,1.2,2.4,0.6,1.2,2.4,3
1629,0.6,0.5,0.7,1.4,2.0,0.6,1.4,2.0,3
1630,0.6,0.7,0.6,1.2,2.8,0.6,1.2,2.8,3
1631,0.7,0.7,0.8,1.6,2.8,0.7,1.6,2.8,3
1632,0.7,0.6,0.6,1.2,2.4,0.7,1.2,2.4,3
1633,0.6,0.5,0.8,1.6,2.0,0.6,1.6,2.0,3
1634,0.8,0.7,0.6,1.2,2.8,0.8,1.2,2.8,3
1635,0.7,0.7,0.7,1.4,2.8,0.7,1.4,2.8,3
1636,0.7,0.7,0.6,1.2,2.8,0.7,1.2,2.8,3
1637,0.7,0.7,0.7,1.4,2.8,0.7,1.4,2.8,3
1638,0.8,0.6,0.7,1.4,2.4,0.8,1.4,2.4,3
1639,0.6,0.6,0.7,1.4,2.4,0.6,1.4,2.4,3
1640,0.6,0.7,0.7,1.4,2.8,0.6,1.4,2.8,3
1641,0.8,0.5,0.8,1.6,2.0,0.8,1.6,2.0,3
1642,0.7,0.7,0.7,1.4,2.8,0.7,1.4,2.8,3
1643,0.6,0.7,0.6,1.2,2.8,0.6,1.2,2.8,3
1644,0.6,0.7,0.6,1.2,2.8,0.6,1.2,2.8,3
1645,0.6,0.5,0.8,1.6,2.0,0.6,1.6,2.0,3
1646,0.6,0.7,0.7,1.4,2.8,0.6,1.4,2.8,3
1647,0.8,0.5,0.7,1.4,2.0,0.8,1.4,2.0,3
1648,0.6,0.6,0.6,1.2,2.4,0.6,1.2,2.4,3
1649,0.6,0.7,0.6,1.2,2.8,0.6,1.2,2.8,3
1650,0.8,0.7,0.6,1.2,2.8,0.8,1.2,2.8,3
1651,0.6,0.6,0.8,1.6,2.4,0.6,1.6,2.4,3
1652,0.8,0.7,0.7,1.4,2.8,0.8,1.4,2.8,3
1653,0.7,0.5,0.6,1.2,2.0,0.7,1.2,2.0,3
1654,0.7,0.5,0.7,1.4,2.0,0.7,1.4,2.0,3
1655,0.6,0.7,0.6,1.2,2.8,0.6,1.2,2.8,3
1656,0.8,0.6,0.8,1.6,2.4,0.8,1.6,2.4,3
1657,0.6,0.7,0.6,1.2,2.8,0.6,1.2,2.8,3
1658,0.6,0.7,0.6,1.2,2.8,0.6,1.2,2.8,3
1659,0.8,0.6,0.6,1.2,2.4,0.8,1.2,2.4,3
1660,0.6,0.5,0.8,1.6,2.0,0.6,1.6,2.0,3
1661,0.7,0.5,0.6,1.2,2.0,0.7,1.2,2.0,3
1662,0.8,0.7,0.6,1.2,2.8,0.8,1.2,2.8,3
1663,0.8,0.5,0.6,1.2,2.0,0.8,1.2,2.0,3
1664,0.6,0.5,0.6,1.2,2.0,0.6,1.2,2.0,3
1665,0.8,0.6,0.6,1.2,2.4,0.8,1.2,2.4,3
1666,0.8,0.5,0.7,1.4,2.0,0.8,1.4,2.0,3
1667,0.6,0.7,0.8,1.6,2.8,0.6,1.6,2.8,3
1668,0.6,0.5,0.8,1.6,2.0,0.6,1.6,2.0,3
1669,0.6,0.5,0.6,1.2,2.0,0.6,1.2,2.0,3
1670,0.6,0.5,0.6,1.2,2.0,0.6,1.2,2.0,5
1671,0.7,0.5,0.6,1.2,2.0,0.7,1.2,2.0,5
1672,0.6,0.7,0.7,1.4,2.8,0.6,1.4,2.8,5
1673,0.8,0.5,0.7,1.4,2.0,0.8,1.4,2.0,5
1674,0.6,0.5,0.7,1.4,2.0,0.6,1.4,2.0,5
1675,0.8,0.7,0.7,1.4,2.8,0.8,1.4,2.8,5
1676,0.6,0.7,0.7,1.4,2.8,0.6,1.4,2.8,5
1677,0.6,0.5,0.7,1.4,2.0,0.6,1.4,2.0,5
1678,0.8,0.7,0.8,1.6,2.8,0.8,1.6,2.8,5
1679,0.6,0.5,0.7,1.4,2.0,0.6,1.4,2.0,5
1680,0.6,0.5,0.6,1.2,2.0,0.6,1.2,2.0,5
1681,0.6,0.7,0.6,1.2,2.8,0.6,1.2,2.8,5
1682,0.6,0.6,0.7,1.4,2.4,0.6,1.4,2.4,5
1683,0.7,0.5,0.6,1.2,2.0,0.7,1.2,2.0,5
1684,0.6,0.7,0.8,1.6,2.8,0.6,1.6,2.8,5
1685,0.6,0.5,0.8,1.6,2.0,0.6,1.6,2.0,5
1686,0.8,0.7,0.6,1.2,2.8,0.8,1.2,2.8,5
1687,0.8,0.5,0.7,1.4,2.0,0.8,1.4,2.0,5
1688,0.6,0.7,0.7,1.4,2.8,0.6,1.4,2.8,5
1689,0.6,0.5,0.6,1.2,2.0,0.6,1.2,2.0,5
1690,0.6,0.7,0.6,1.2,2.8,0.6,1.2,2.8,5
1691,0.6,0.7,0.6,1.2,2.8,0.6,1.2,2.8,5
1692,0.6,0.7,0.6,1.2,2.8,0.6,1.2,2.8,5
1693,0.8,0.5,0.8,1.6,2.0,0.8,1.6,2.0,5
1694,0.8,0.5,0.8,1.6,2.0,0.8,1.6,2.0,5
1695,0.6,0.5,0.7,1.4,2.0,0.6,1.4,2.0,5
1696,0.8,0.7,0.7,1.4,2.8,0.8,1.4,2.8,5
1697,0.6,0.5,0.6,1.2,2.0,0.6,1.2,2.0,5
1698,0.6,0.7,0.8,1.6,2.8,0.6,1.6,2.8,5
1699,0.6,0.5,0.6,1.2,2.0,0.6,1.2,2.0,5
1700,0.6,0.6,0.6,1.2,2.4,0.6,1.2,2.4,5
1701,0.8,0.6,0.6,1.2,2.4,0.8,1.2,2.4,5
1702,0.6,0.7,0.6,1.2,2.8,0.6,1.2,2.8,5
1703,0.6,0.7,0.6,1.2,2.8,0.6,1.2,2.8,5
1704,0.6,0.5,0.6,1.2,2.0,0.6,1.2,2.0,5
1705,0.6,0.6,0.8,1.6,2.4,0.6,1.6,2.4,5
1706,0.6,0.7,0.6,1.2,2.8,0.6,1.2,2.8,5
1707,0.8,0.7,0.7,1.4,2.8,0.8,1.4,2.8,5
1708,0.6,0.5,0.6,1.2,2.0,0.6,1.2,2.0,5
1709,0.6,0.5,0.6,1.2,2.0,0.6,1.2,2.0,5
1710,0.6,0.7,0.8,1.6,2.8,0.6,1.6,2.8,5
1711,0.7,0.7,0.7,1.4,2.8,0.7,1.4,2.8,5
1712,0.8,0.7,0.8,1.6,2.8,0.8,1.6,2.8,5
1713,0.6,0.5,0.7,1.4,2.0,0.6,1.4,2.0,5
1714,0.6,0.5,0.7,1.4,2.0,0.6,1.4,2.0,5
1715,0.8,0.6,0.8,1.6,2.4,0.8,1.6,2.4,5
1716,0.6,0.5,0.7,1.4,2.0,0.6,1.4,2.0,5
1717,0.7,0.5,0.8,1.6,2.0,0.7,1.6,2.0,5
1718,0.7,0.5,0.6,1.2,2.0,0.7,1.2,2.0,5
1719,0.8,0.6,0.6,1.2,2.4,0.8,1.2,2.4,5
1720,0.6,0.7,0.8,1.6,2.8,0.6,1.6,2.8,5
1721,0.7,0.7,0.6,1.2,2.8,0.7,1.2,2.8,5
1722,0.8,0.6,0.6,1.2,2.4,0.8,1.2,2.4,5
1723,0.8,0.7,0.6,1.2,2.8,0.8,1.2,2.8,5
1724,0.6,0.5,0.6,1.2,2.0,0.6,1.2,2.0,5
1725,0.7,0.7,0.7,1.4,2.8,0.7,1.4,2.8,5
1726,0.6,0.5,0.8,1.6,2.0,0.6,1.6,2.0,5
1727,0.6,0.6,0.7,1.4,2.4,0.6,1.4,2.4,5
1728,0.6,0.7,0.8,1.6,2.8,0.6,1.6,2.8,5
1729,0.6,0.7,0.6,1.2,2.8,0.6,1.2,2.8,5
1730,0.8,0.6,0.6,1.2,2.4,0.8,1.2,2.4,5
1731,0.6,0.7,0.8,1.6,2.8,0.6,1.6,2.8,5
1732,0.6,0.7,0.7,1.4,2.8,0.6,1.4,2.8,5
1733,0.7,0.6,0.8,1.6,2.4,0.7,1.6,2.4,5
1734,0.6,0.6,0.7,1.4,2.4,0.6,1.4,2.4,5
1735,0.8,0.7,0.7,1.4,2.8,0.8,1.4,2.8,5
1736,0.6,0.5,0.8,1.6,2.0,0.6,1.6,2.0,5
1737,0.6,0.5,0.7,1.4,2.0,0.6,1.4,2.0,5
1738,0.6,0.5,0.6,1.2,2.0,0.6,1.2,2.0,5
1739,0.6,0.6,0.8,1.6,2.4,0.6,1.6,2.4,5
1740,0.6,0.5,0.7,1.4,2.0,0.6,1.4,2.0,5
1741,0.6,0.7,0.7,1.4,2.8,0.6,1.4,2.8,5
1742,0.6,0.7,0.8,1.6,2.8,0.6,1.6,2.8,5
1743,0.6,0.7,0.7,1.4,2.8,0.6,1.4,2.8,5
1744,0.8,0.6,0.6,1.2,2.4,0.8,1.2,2.4,5
1745,0.6,0.6,0.7,1.4,2.4,0.6,1.4,2.4,5
1746,0.6,0.5,0.6,1.2,2.0,0.6,1.2,2.0,5
1747,0.8,0.5,0.8,1.6,2.0,0.8,1.6,2.0,5
1748,0.6,0.5,0.7,1.4,2.0,0.6,1.4,2.0,5
1749,0.6,0.5,0.6,1.2,2.0,0.6,1.2,2.0,5
1750,0.8,0.5,0.6,1.2,2.0,0.8,1.2,2.0,5
1751,0.6,0.5,0.8,1.6,2.0,0.6,1.6,2.0,5
1752,0.6,0.6,0.8,1.6,2.4,0.6,1.6,2.4,5
1753,0.6,0.7,0.6,1.2,2.8,0.6,1.2,2.8,5
1754,0.6,0.7,0.7,1.4,2.8,0.6,1.4,2.8,5
1755,0.8,0.6,0.6,1.2,2.4,0.8,1.2,2.4,5
1756,0.6,0.6,0.7,1.4,2.4,0.6,1.4,2.4,5
1757,0.6,0.7,0.7,1.4,2.8,0.6,1.4,2.8,5
1758,0.6,0.5,0.6,1.2,2.0,0.6,1.2,2.0,5
1759,0.6,0.6,0.6,1.2,2.4,0.6,1.2,2.4,5
1760,0.6,0.5,0.7,1.4,2.0,0.6,1.4,2.0,5
1761,0.6,0.7,0.6,1.2,2.8,0.6,1.2,2.8,5
1762,0.6,0.7,0.7,1.4,2.8,0.6,1.4,2.8,5
1763,0.8,0.6,0.7,1.4,2.4,0.8,1.4,2.4,5
1764,0.6,0.7,0.6,1.2,2.8,0.6,1.2,2.8,5
1765,0.6,0.5,0.7,1.4,2.0,0.6,1.4,2.0,5
1766,0.6,0.5,0.8,1.6,2.0,0.6,1.6,2.0,5
1767,0.7,0.5,0.8,1.6,2.0,0.7,1.6,2.0,5
1768,0.6,0.5,0.7,1.4,2.0,0.6,1.4,2.0,5
1769,0.6,0.5,0.8,1.6,2.0,0.6,1.6,2.0,5
1770,0.7,0.5,0.6,1.2,2.0,0.7,1.2,2.0,5
1771,0.6,0.5,0.8,1.6,2.0,0.6,1.6,2.0,5
1772,0.8,0.7,0.6,1.2,2.8,0.8,1.2,2.8,5
1773,0.6,0.7,0.7,1.4,2.8,0.6,1.4,2.8,5
1774,0.6,0.6,0.8,1.6,2.4,0.6,1.6,2.4,5
1775,0.6,0.6,0.6,1.2,2.4,0.6,1.2,2.4,5
1776,0.8,0.7,0.6,1.2,2.8,0.8,1.2,2.8,5
1777,0.7,0.5,0.8,1.6,2.0,0.7,1.6,2.0,5
1778,0.7,0.5,0.7,1.4,2.0,0.7,1.4,2.0,5
1779,0.8,0.7,0.7,1.4,2.8,0.8,1.4,2.8,5
1780,0.8,0.5,0.7,1.4,2.0,0.8,1.4,2.0,5
1781,0.6,0.7,0.6,1.2,2.8,0.6,1.2,2.8,5
1782,0.8,0.5,0.8,1.6,2.0,0.8,1.6,2.0,5
1783,0.6,0.5,0.6,1.2,2.0,0.6,1.2,2.0,5
1784,0.8,0.7,0.6,1.2,2.8,0.8,1.2,2.8,5
1785,0.6,0.7,0.6,1.2,2.8,0.6,1.2,2.8,5
1786,0.7,0.5,0.7,1.4,2.0,0.7,1.4,2.0,5
1787,0.6,0.5,0.8,1.6,2.0,0.6,1.6,2.0,5
1788,0.8,0.5,0.8,1.6,2.0,0.8,1.6,2.0,5
1789,0.7,0.6,0.7,1.4,2.4,0.7,1.4,2.4,5
1790,0.6,0.5,0.6,1.2,2.0,0.6,1.2,2.0,5
1791,0.6,0.6,0.8,1.6,2.4,0.6,1.6,2.4,5
1792,0.8,0.7,0.8,1.6,2.8,0.8,1.6,2.8,5
1793,0.6,0.7,0.8,1.6,2.8,0.6,1.6,2.8,5
1794,0.7,0.5,0.6,1.2,2.0,0.7,1.2,2.0,5
1795,0.8,0.5,0.6,1.2,2.0,0.8,1.2,2.0,5
1796,0.6,0.7,0.7,1.4,2.8,0.6,1.4,2.8,5
1797,0.8,0.7,0.6,1.2,2.8,0.8,1.2,2.8,5
1798,0.8,0.6,0.7,1.4,2.4,0.8,1.4,2.4,5
1799,0.8,0.5,0.8,1.6,2.0,0.8,1.6,2.0,5
1800,0.8,0.6,0.8,1.6,2.4,0.8,1.6,2.4,5
1801,0.7,0.6,0.8,1.6,2.4,0.7,1.6,2.4,5
1802,0.6,0.7,0.8,1.6,2.8,0.6,1.6,2.8,5
1803,0.7,0.5,0.7,1.4,2.0,0.7,1.4,2.0,5
1804,0.6,0.7,0.6,1.2,2.8,0.6,1.2,2.8,5
1805,0.7,0.7,0.6,1.2,2.8,0.7,1.2,2.8,5
1806,0.6,0.5,0.6,1.2,2.0,0.6,1.2,2.0,5
1807,0.6,0.5,0.6,1.2,2.0,0.6,1.2,2.0,5
1808,0.6,0.5,0.8,1.6,2.0,0.6,1.6,2.0,5
1809,0.8,0.6,0.7,1.4,2.4,0.8,1.4,2.4,5
1810,0.8,0.5,0.6,1.2,2.0,0.8,1.2,2.0,5
1811,0.6,0.7,0.6,1.2,2.8,0.6,1.2,2.8,5
1812,0.8,0.6,0.7,1.4,2.4,0.8,1.4,2.4,5
1813,0.6,0.7,0.6,1.2,2.8,0.6,1.2,2.8,5
1814,0.6,0.5,0.8,1.6,2.0,0.6,1.6,2.0,5
1815,0.8,0.6,0.6,1.2,2.4,0.8,1.2,2.4,5
1816,0.6,0.5,0.6,1.2,2.0,0.6,1.2,2.0,5
1817,0.7,0.6,0.6,1.2,2.4,0.7,1.2,2.4,5
1818,0.6,0.5,0.6,1.2,2.0,0.6,1.2,2.0,5
1819,0.7,0.7,0.6,1.2,2.8,0.7,1.2,2.8,5
1820,0.6,0.5,0.6,1.2,2.0,0.6,1.2,2.0,5
1821,0.6,0.5,0.8,1.6,2.0,0.6,1.6,2.0,5
1822,0.6,0.7,0.6,1.2,2.8,0.6,1.2,2.8,5
1823,0.6,0.5,0.6,1.2,2.0,0.6,1.2,2.0,5
1824,0.6,0.5,0.6,1.2,2.0,0.6,1.2,2.0,5
1825,0.6,0.7,0.7,1.4,2.8,0.6,1.4,2.8,5
1826,0.7,0.7,0.6,1.2,2.8,0.7,1.2,2.8,5
1827,0.6,0.7,0.8,1.6,2.8,0.6,1.6,2.8,5
1828,0.6,0.7,0.7,1.4,2.8,0.6,1.4,2.8,5
1829,0.6,0.7,0.6,1.2,2.8,0.6,1.2,2.8,5
1830,0.6,0.5,0.6,1.2,2.0,0.6,1.2,2.0,5
1831,0.8,0.7,0.6,1.2,2.8,0.8,1.2,2.8,5
1832,0.6,0.5,0.7,1.4,2.0,0.6,1.4,2.0,5
1833,0.6,0.7,0.6,1.2,2.8,0.6,1.2,2.8,5
1834,0.8,0.5,0.7,1.4,2.0,0.8,1.4,2.0,5
1835,0.7,0.6,0.6,1.2,2.4,0.7,1.2,2.4,5
1836,0.7,0.6,0.7,1.4,2.4,0.7,1.4,2.4,0
1837,0.6,0.7,0.7,1.4,2.8,0.6,1.4,2.8,0
1838,0.8,0.5,0.8,1.6,2.0,0.8,1.6,2.0,0
1839,0.8,0.6,0.7,1.4,2.4,0.8,1.4,2.4,0
1840,0.6,0.6,0.7,1.4,2.4,0.6,1.4,2.4,0
1841,0.6,0.7,0.7,1.4,2.8,0.6,1.4,2.8,0
1842,0.6,0.7,0.6,1.2,2.8,0.6,1.2,2.8,0
1843,0.8,0.5,0.6,1.2,2.0,0.8,1.2,2.0,0
1844,0.7,0.7,0.6,1.2,2.8,0.7,1.2,2.8,0
1845,0.7,0.5,0.7,1.4,2.0,0.7,1.4,2.0,0
1846,0.7,0.5,0.6,1.2,2.0,0.7,1.2,2.0,0
1847,0.7,0.5,0.7,1.4,2.0,0.7,1.4,2.0,0
1848,0.6,0.7,0.8,1.6,2.8,0.6,1.6,2.8,0
1849,0.6,0.6,0.6,1.2,2.4,0.6,1.2,2.4,0
1850,0.6,0.7,0.6,1.2,2.8,0.6,1.2,2.8,0
1851,0.7,0.5,0.6,1.2,2.0,0.7,1.2,2.0,0
1852,0.6,0.5,0.7,1.4,2.0,0.6,1.4,2.0,0
1853,0.7,0.6,0.8,1.6,2.4,0.7,1.6,2.4,0
1854,0.6,0.7,0.6,1.2,2.8,0.6,1.2,2.8,0
1855,0.6,0.5,0.7,1.4,2.0,0.6,1.4,2.0,0
1856,0.6,0.7,0.6,1.2,2.8,0.6,1.2,2.8,0
1857,0.6,0.6,0.6,1.2,2.4,0.6,1.2,2.4,0
1858,0.8,0.7,0.7,1.4,2.8,0.8,1.4,2.8,0
1859,0.8,0.7,0.7,1.4,2.8,0.8,1.4,2.8,0
1860,0.6,0.7,0.6,1.2,2.8,0.6,1.2,2.8,0
1861,0.7,0.7,0.6,1.2,2.8,0.7,1.2,2.8,0
1862,0.6,0.5,0.6,1.2,2.0,0.6,1.2,2.0,0
1863,0.7,0.7,0.6,1.2,2.8,0.7,1.2,2.8,0
1864,0.6,0.5,0.7,1.4,2.0,0.6,1.4,2.0,0
1865,0.6,0.7,0.6,1.2,2.8,0.6,1.2,2.8,0
1866,0.8,0.6,0.6,1.2,2.4,0.8,1.2,2.4,0
1867,0.6,0.7,0.6,1.2,2.8,0.6,1.2,2.8,0
1868,0.7,0.6,0.7,1.4,2.4,0.7,1.4,2.4,0
1869,0.6,0.6,0.7,1.4,2.4,0.6,1.4,2.4,0
1870,0.8,0.6,0.7,1.4,2.4,0.8,1.4,2.4,0
1871,0.6,0.5,0.8,1.6,2.0,0.6,1.6,2.0,0
1872,0.7,0.7,0.6,1.2,2.8,0.7,1.2,2.8,0
1873,0.7,0.7,0.6,1.2,2.8,0.7,1.2,2.8,0
1874,0.7,0.7,0.6,1.2,2.8,0.7,1.2,2.8,0
1875,0.8,0.5,0.6,1.2,2.0,0.8,1.2,2.0,0
1876,0.8,0.7,0.6,1.2,2.8,0.8,1.2,2.8,0
1877,0.8,0.5,0.7,1.4,2.0,0.8,1.4,2.0,0
1878,0.7,0.6,0.6,1.2,2.4,0.7,1.2,2.4,0
1879,0.6,0.5,0.6,1.2,2.0,0.6,1.2,2.0,0
1880,0.7,0.7,0.6,1.2,2.8,0.7,1.2,2.8,0
1881,0.6,0.7,0.8,1.6,2.8,0.6,1.6,2.8,0
1882,0.6,0.6,0.6,1.2,2.4,0.6,1.2,2.4,0
1883,0.6,0.7,0.6,1.2,2.8,0.6,1.2,2.8,0
1884,0.6,0.7,0.6,1.2,2.8,0.6,1.2,2.8,0
1885,0.8,0.5,0.8,1.6,2.0,0.8,1.6,2.0,0
1886,0.8,0.5,0.6,1.2,2.0,0.8,1.2,2.0,0
1887,0.6,0.7,0.6,1.2,2.8,0.6,1.2,2.8,0
1888,0.7,0.5,0.6,1.2,2.0,0.7,1.2,2.0,0
1889,0.7,0.7,0.6,1.2,2.8,0.7,1.2,2.8,0
1890,0.6,0.5,0.6,1.2,2.0,0.6,1.2,2.0,0
1891,0.8,0.6,0.7,1.4,2.4,0.8,1.4,2.4,0
1892,0.6,0.6,0.7,1.4,2.4,0.6,1.4,2.4,0
1893,0.6,0.5,0.8,1.6,2.0,0.6,1.6,2.0,0
1894,0.8,0.6,0.7,1.4,2.4,0.8,1.4,2.4,0
1895,0.8,0.6,0.7,1.4,2.4,0.8,1.4,2.4,0
1896,0.6,0.5,0.8,1.6,2.0,0.6,1.6,2.0,0
1897,0.6,0.7,0.7,1.4,2.8,0.6,1.4,2.8,0
1898,0.6,0.7,0.7,1.4,2.8,0.6,1.4,2.8,0
1899,0.6,0.5,0.6,1.2,2.0,0.6,1.2,2.0,0
1900,0.7,0.6,0.6,1.2,2.4,0.7,1.2,2.4,0
1901,0.7,0.5,0.6,1.2,2.0,0.7,1.2,2.0,0
1902,0.6,0.7,0.6,1.2,2.8,0.6,1.2,2.8,0
1903,0.6,0.7,0.7,1.4,2.8,0.6,1.4,2.8,0
1904,0.6,0.7,0.6,1.2,2.8,0.6,1.2,2.8,0
1905,0.8,0.7,0.7,1.4,2.8,0.8,1.4,2.8,0
1906,0.6,0.5,0.8,1.6,2.0,0.6,1.6,2.0,0
1907,0.6,0.7,0.6,1.2,2.8,0.6,1.2,2.8,0
1908,0.6,0.6,0.6,1.2,2.4,0.6,1.2,2.4,0
1909,0.6,0.6,0.6,1.2,2.4,0.6,1.2,2.4,0
1910,0.7,0.7,0.6,1.2,2.8,0.7,1.2,2.8,0
1911,0.6,0.5,0.6,1.2,2.0,0.6,1.2,2.0,0
1912,0.8,0.7,0.8,1.6,2.8,0.8,1.6,2.8,0
1913,0.6,0.7,0.8,1.6,2.8,0.6,1.6,2.8,0
1914,0.8,0.5,0.6,1.2,2.0,0.8,1.2,2.0,0
1915,0.7,0.7,0.6,1.2,2.8,0.7,1.2,2.8,0
1916,0.7,0.6,0.6,1.2,2.4,0.7,1.2,2.4,0
1917,0.6,0.6,0.6,1.2,2.4,0.6,1.2,2.4,0
1918,0.6,0.5,0.7,1.4,2.0,0.6,1.4,2.0,0
1919,0.6,0.7,0.7,1.4,2.8,0.6,1.4,2.8,0
1920,0.6,0.5,0.8,1.6,2.0,0.6,1.6,2.0,0
1921,0.6,0.6,0.6,1.2,2.4,0.6,1.2,2.4,0
1922,0.6,0.7,0.7,1.4,2.8,0.6,1.4,2.8,0
1923,0.6,0.6,0.7,1.4,2.4,0.6,1.4,2.4,0
1924,0.7,0.7,0.8,1.6,2.8,0.7,1.6,2.8,0
1925,0.6,0.5,0.6,1.2,2.0,0.6,1.2,2.0,0
1926,0.7,0.7,0.7,1.4,2.8,0.7,1.4,2.8,0
1927,0.6,0.7,0.7,1.4,2.8,0.6,1.4,2.8,0
1928,0.6,0.7,0.6,1.2,2.8,0.6,1.2,2.8,0
1929,0.6,0.5,0.7,1.4,2.0,0.6,1.4,2.0,0
1930,0.6,0.7,0.6,1.2,2.8,0.6,1.2,2.8,0
1931,0.7,0.5,0.6,1.2,2.0,0.7,1.2,2.0,0
1932,0.8,0.6,0.6,1.2,2.4,0.8,1.2,2.4,0
1933,0.8,0.6,0.7,1.4,2.4,0.8,1.4,2.4,0
1934,0.8,0.7,0.7,1.4,2.8,0.8,1.4,2.8,0
1935,0.6,0.6,0.7,1.4,2.4,0.6,1.4,2.4,0
1936,0.8,0.7,0.8,1.6,2.8,0.8,1.6,2.8,0
1937,0.6,0.7,0.6,1.2,2.8,0.6,1.2,2.8,0
1938,0.8,0.6,0.7,1.4,2.4,0.8,1.4,2.4,0
1939,0.8,0.5,0.7,1.4,2.0,0.8,1.4,2.0,0
1940,0.6,0.7,0.6,1.2,2.8,0.6,1.2,2.8,0
1941,0.6,0.6,0.6,1.2,2.4,0.6,1.2,2.4,0
1942,0.6,0.7,0.7,1.4,2.8,0.6,1.4,2.8,0
1943,0.6,0.7,0.6,1.2,2.8,0.6,1.2,2.8,0
1944,0.6,0.7,0.7,1.4,2.8,0.6,1.4,2.8,0
1945,0.7,0.5,0.7,1.4,2.0,0.7,1.4,2.0,0
1946,0.6,0.7,0.7,1.4,2.8,0.6,1.4,2.8,0
1947,0.6,0.6,0.7,1.4,2.4,0.6,1.4,2.4,0
1948,0.7,0.5,0.7,1.4,2.0,0.7,1.4,2.0,0
1949,0.7,0.7,0.7,1.4,2.8,0.7,1.4,2.8,0
1950,0.6,0.7,0.6,1.2,2.8,0.6,1.2,2.8,0
1951,0.6,0.6,0.7,1.4,2.4,0.6,1.4,2.4,0
1952,0.6,0.6,0.6,1.2,2.4,0.6,1.2,2.4,0
1953,0.7,0.5,0.7,1.4,2.0,0.7,1.4,2.0,0
1954,0.6,0.5,0.7,1.4,2.0,0.6,1.4,2.0,0
1955,0.6,0.7,0.6,1.2,2.8,0.6,1.2,2.8,0
1956,0.6,0.7,0.7,1.4,2.8,0.6,1.4,2.8,0
1957,0.6,0.7,0.7,1.4,2.8,0.6,1.4,2.8,0
1958,0.7,0.7,0.7,1.4,2.8,0.7,1.4,2.8,0
1959,0.6,0.5,0.6,1.2,2.0,0.6,1.2,2.0,0
1960,0.6,0.7,0.7,1.4,2.8,0.6,1.4,2.8,0
1961,0.7,0.7,0.7,1.4,2.8,0.7,1.4,2.8,0
1962,0.8,0.6,0.7,1.4,2.4,0.8,1.4,2.4,0
1963,0.6,0.7,0.6,1.2,2.8,0.6,1.2,2.8,0
1964,0.7,0.5,0.8,1.6,2.0,0.7,1.6,2.0,0
1965,0.8,0.7,0.8,1.6,2.8,0.8,1.6,2.8,0
1966,0.7,0.7,0.6,1.2,2.8,0.7,1.2,2.8,0
1967,0.8,0.5,0.7,1.4,2.0,0.8,1.4,2.0,0
1968,0.7,0.6,0.6,1.2,2.4,0.7,1.2,2.4,0
1969,0.6,0.5,0.7,1.4,2.0,0.6,1.4,2.0,0
1970,0.6,0.5,0.8,1.6,2.0,0.6,1.6,2.0,0
1971,0.6,0.6,0.8,1.6,2.4,0.6,1.6,2.4,0
1972,0.6,0.5,0.6,1.2,2.0,0.6,1.2,2.0,0
1973,0.7,0.6,0.8,1.6,2.4,0.7,1.6,2.4,0
1974,0.6,0.7,0.6,1.2,2.8,0.6,1.2,2.8,0
1975,0.6,0.5,0.7,1.4,2.0,0.6,1.4,2.0,0
1976,0.6,0.7,0.7,1.4,2.8,0.6,1.4,2.8,0
1977,0.6,0.5,0.6,1.2,2.0,0.6,1.2,2.0,0
1978,0.6,0.5,0.7,1.4,2.0,0.6,1.4,2.0,0
1979,0.6,0.5,0.8,1.6,2.0,0.6,1.6,2.0,0
1980,0.6,0.7,0.6,1.2,2.8,0.6,1.2,2.8,0
1981,0.7,0.7,0.7,1.4,2.8,0.7,1.4,2.8,0
1982,0.8,0.5,0.6,1.2,2.0,0.8,1.2,2.0,0
1983,0.8,0.5,0.8,1.6,2.0,0.8,1.6,2.0,0
1984,0.6,0.7,0.7,1.4,2.8,0.6,1.4,2.8,0
1985,0.8,0.7,0.6,1.2,2.8,0.8,1.2,2.8,0
1986,0.6,0.7,0.6,1.2,2.8,0.6,1.2,2.8,0
1987,0.6,0.6,0.6,1.2,2.4,0.6,1.2,2.4,0
1988,0.6,0.5,0.8,1.6,2.0,0.6,1.6,2.0,0
1989,0.6,0.6,0.7,1.4,2.4,0.6,1.4,2.4,0
1990,0.6,0.5,0.8,1.6,2.0,0.6,1.6,2.0,0
1991,0.6,0.7,0.6,1.2,2.8,0.6,1.2,2.8,0
1992,0.6,0.7,0.7,1.4,2.8,0.6,1.4,2.8,0
1993,0.8,0.7,0.6,1.2,2.8,0.8,1.2,2.8,0
1994,0.6,0.5,0.6,1.2,2.0,0.6,1.2,2.0,0
1995,0.6,0.5,0.6,1.2,2.0,0.6,1.2,2.0,0
1996,0.8,0.7,0.8,1.6,2.8,0.8,1.6,2.8,0
1997,0.6,0.7,0.7,1.4,2.8,0.6,1.4,2.8,0
1998,0.7,0.5,0.6,1.2,2.0,0.7,1.2,2.0,0
1999,0.6,0.7,0.6,1.2,2.8,0.6,1.2,2.8,0
